marker_id,x,y,z,qx,qy,qz,qw
2,6.35262400535419,-1.749876755527463,29.579174068461644,0.0,0.0,-0.048889301674862225,0.99880420312579
9,4.561535373591219,-10.790779046430272,55.29773621272288,0.0,0.0,0.7683212703472,0.6400643917076348
10,-0.49688981103734964,9.92569217740294,21.5694584132078,0.0,0.0,0.7760554977211058,0.6306646212186368
7,5.472315828975102,-2.4248743542361044,27.914018157458916,0.0,0.0,0.9415312633561244,0.3369256299586311
8,-2.9751585851033955,3.958857453817437,36.464474657238426,0.0,0.0,0.9465972122169218,0.3224185444777511
6,-4.3991273458586315,-3.487880169521533,17.628780388191416,0.0,0.0,-0.9259509746166416,0.37764373767678394
1,-3.010852873984416,14.578427861583227,37.29300232336018,0.0,0.0,-0.6746507203678339,0.7381371183643067
