marker_id,x,y,z,qx,qy,qz,qw
2,6.571804984047863,1.3391442279136074,29.859784790348726,0.0,0.0,0.0,1.0
