marker_id,x,y,z
2,0.08615982423407946,-0.06089983129572421,0.7130416500741947
